PID,PNAME
1,Dan Brown
2,J. K. Rowling
3,Stephenie Meyer
4,Alice Sebold
5,Mark Haddon
6,Stieg Larsson
7,Khaled Hosseini
8,Audrey Niffenegger
9,Jeremy Clarkson
10,Ian McEwan
11,Bill Bryson
12,Dave Pelzer
13,Alexander McCall Smith
14,Gillian McKeith
15,Tony Parsons
16,Sebastian Faulks
17,Kate Mosse
18,Victoria Hislop
19,Yann Martel
20,Robert C. Atkins
21,Louis De Bernieres
22,Delia Smith
23,Julia Donaldson
24,Gretchen R. B. Saunders
25,Alessio Mei
26,Jillian C. Rastinejad
27,Rui Zhou
28,Eadbhrd Maxentius
29,Bohdan Zawisza
30,Olawale Loup
31,Gaetana Fulgentius
32,Gerhard Purushottama
33,Amen Aida
34,Onyeka Bushra
35,Achav Justin
36,Ramesh Eudes
37,Cody Jayanta
38,Dieuwe Mungo
39,Sollemnia Aya
40,Kacie Themar
41,Meghan Ichabod
42,Sitora Fatos
43,Tyko Mami
44,Kamal Germanicus
45,Ivor Karthik
46,Xulio Shweta
47,Oidipous Harriet
48,Ifeanyichukwu Hideaki
49,Maia Justus
50,Sanja Imaculada
51,Lothar Cayley
52,Sionann Zsiga
53,Yatzil Itzcoatl
54,Elaine Bandile
55,Anatoliy Periklis
56,Heshel Shams
57,Iracema Krystle
58,Walter Claus
59,Karla Eoghan
60,Alize Hana
61,Lalit Vladan
62,Husain Sarait
63,Tamara Mael
64,Petros Ulrica
65,Prashant Aurelian
66,Wim Ezra
67,Kyveli Lalit
68,Melanija Louisette
69,Adrijana Sanya
70,Mayeso Sadiq
71,Irenka Slava
72,Custodio Lilibet
73,Alkibiades Shanti
74,Lysandros Raclaw
75,Pompiliu Khava
76,Venera Arcadius
77,Angharad Yachleel
78,Ilmatar Manda
79,Sandeep Alaiya
80,Avice Charlotte
81,Baqir Anastazja
82,Morgan Aleksanteri
83,Njord Josefine
84,Vilhelm Simona
85,Perig Linos
86,Felix Reina
87,Grete Konstantinos
88,Hippolyta Olaf
89,Branislava Zlata
90,Sirvart Othello
91,Karla Drita
92,Mars Vitalianus
93,Morgaine Paola
94,Cem Ngaire
95,Enniaun Trophimus
96,Thor Ros
97,Irune Azubuike
98,Eros Petruccio
99,Mirja Nanette
100,Daniel Meti
101,Tacita Pistis
102,Cecilie Eva
103,Pranciskus Radojka
104,Barbara Christoforos
105,Kaloyan Avgust
106,Hildegard Arseniy
107,Smadar Dubaku
108,Mate Ploutarchos
109,Ignatz Eris
110,Evie Vera
111,Nelli Prashant
112,Magni Nicola
113,Aries Adekunle
114,Praveen Tammara
115,Nonna Jewel
116,Gulten Grigor
117,Rhamesses Nwanneka
118,Shamil Sarvesh
119,Kelvin Angelica
120,Lina Ealdwine
121,Wladyslaw Mathgamain
122,Loviise Kumar
