DOCID,CDATE,CLOCATION,CEDITOR
71,2022-12-08 23:09:06,Hamlin,Yoshiro Sunil
72,2022-12-08 23:09:06,Harris Hill,Faramund Kierra
73,2022-12-08 23:09:06,Inwood,Félagi Hakim
74,2022-12-08 23:09:06,West Hempstead,Sonal Pomponius
75,2022-12-08 23:09:06,New Windsor,Kurt Slavka
76,2022-12-08 23:09:06,Frewsburg,Isotta Eustathius
77,2022-12-08 23:09:06,Keeseville,Jeane Porphyrios
78,2022-12-08 23:09:06,Harbor Isle,Lalawethika Octavian
79,2022-12-08 23:09:06,Shinnecock Hills,Bentley Taalay
80,2022-12-08 23:09:06,Palmyra,Nikhil Cemile
81,2022-12-08 23:09:06,Franklin Square,Hrvoje Ermo
82,2022-12-08 23:09:06,Arlington,Halvor Emmanuel
83,2022-12-08 23:09:06,North Bay Shore,Emersyn Ben
84,2022-12-08 23:09:06,Shirley,Arijit Sabina
85,2022-12-08 23:09:06,Angola on the Lake,Ravinder Ninon
86,2022-12-08 23:09:06,Celoron,Flaviana Socheat
87,2022-12-08 23:09:06,Saugerties,Athanasius Funke
88,2022-12-08 23:09:06,Bridgeport,Amanda Njeri
89,2022-12-08 23:09:06,Lattingtown,Alaattin Claudinho
90,2022-12-08 23:09:06,Boston,Seydou Regan
91,2022-12-08 23:09:06,Newyork,Katherina Sarah
92,2022-12-08 23:09:06,Dallas,Thersa Diodotus
93,2022-12-08 23:09:06,Seatle,Nettuno Kylo
94,2022-12-08 23:09:06,California,Ivan Casilda
95,2022-12-08 23:09:06,San Diego,Sappho Isabel
96,2022-12-08 23:09:06,Arizona,Avdi'el Yolanda
97,2022-12-08 23:09:06,London,Nîga Briseis
98,2022-12-08 23:09:06,Madiera,Ettie Xoana
99,2022-12-08 23:09:06,Delhi,Axl Virgee
100,2022-12-08 23:09:06,chennai,Josepha Simin
